{
  "pooled": {
    "n_examples": 210,
    "median_iou": 0.39349112426035504,
    "mean_iou": 0.5386204137290053,
    "hit_at_iou_0_1": 0.7476190476190476,
    "hit_at_iou_0_2": 0.7476190476190476,
    "hit_at_iou_0_3": 0.7285714285714285,
    "hit_at_iou_0_4": 0.45714285714285713,
    "hit_at_iou_0_5": 0.43333333333333335,
    "shortcut_coverage_median": 0.875,
    "shortcut_coverage_mean": 0.6614516474112109,
    "shortcut_coverage_ge_0_5_rate": 0.7682926829268293,
    "shortcut_coverage_ge_0_8_rate": 0.7073170731707317,
    "intersects_shortcut_rate": 0.9,
    "area_frac_image_median": 0.21143574617346939,
    "area_frac_image_mean": 0.15323129251700682,
    "area_frac_oracle_median": 2.098684210526316,
    "object_iou_median": 0.1959130108736408,
    "object_iou_mean": 0.14987922732674494,
    "object_overlap_available": true,
    "repair_top1_accuracy": 0.7761904761904762,
    "repair_top3_accuracy": 0.5619047619047619,
    "repair_clean_safe_accuracy": 0.8047619047619048
  },
  "per_benchmark": {
    "failure_conditioned": {
      "n_examples": 50,
      "median_iou": 0.39349112426035504,
      "mean_iou": 0.3448811188329449,
      "hit_at_iou_0_1": 0.86,
      "hit_at_iou_0_2": 0.86,
      "hit_at_iou_0_3": 0.82,
      "hit_at_iou_0_4": 0.06,
      "hit_at_iou_0_5": 0.04,
      "shortcut_coverage_median": 0.875,
      "shortcut_coverage_mean": 0.7408333333333332,
      "shortcut_coverage_ge_0_5_rate": 0.86,
      "shortcut_coverage_ge_0_8_rate": 0.8,
      "intersects_shortcut_rate": 0.88,
      "area_frac_image_median": 0.07629145408163265,
      "area_frac_image_mean": 0.07088807397959183,
      "area_frac_oracle_median": 2.098684210526316,
      "object_iou_median": 0.1959130108736408,
      "object_iou_mean": 0.16851772023116496,
      "object_overlap_available": true,
      "repair_top1_accuracy": 0.96,
      "repair_top3_accuracy": 0.96,
      "repair_clean_safe_accuracy": 0.94
    },
    "hard_multidecoy": {
      "n_examples": 32,
      "median_iou": 0.36786060019361083,
      "mean_iou": 0.2608259256163505,
      "hit_at_iou_0_1": 0.625,
      "hit_at_iou_0_2": 0.625,
      "hit_at_iou_0_3": 0.59375,
      "hit_at_iou_0_4": 0.09375,
      "hit_at_iou_0_5": 0.0625,
      "shortcut_coverage_median": 0.8333333333333334,
      "shortcut_coverage_mean": 0.5374177631578947,
      "shortcut_coverage_ge_0_5_rate": 0.625,
      "shortcut_coverage_ge_0_8_rate": 0.5625,
      "intersects_shortcut_rate": 0.625,
      "area_frac_image_median": 0.07629145408163265,
      "area_frac_image_mean": 0.07400388133769133,
      "area_frac_oracle_median": 2.098684210526316,
      "object_iou_median": 0.1959130108736408,
      "object_iou_mean": 0.12075658216358859,
      "object_overlap_available": true,
      "repair_top1_accuracy": 0.75,
      "repair_top3_accuracy": 0.75,
      "repair_clean_safe_accuracy": 0.75
    },
    "semantic_decoy_n128": {
      "n_examples": 128,
      "median_iou": 1.0,
      "mean_iou": 0.6837484478259426,
      "hit_at_iou_0_1": 0.734375,
      "hit_at_iou_0_2": 0.734375,
      "hit_at_iou_0_3": 0.7265625,
      "hit_at_iou_0_4": 0.703125,
      "hit_at_iou_0_5": 0.6796875,
      "shortcut_coverage_median": null,
      "shortcut_coverage_mean": null,
      "shortcut_coverage_ge_0_5_rate": null,
      "shortcut_coverage_ge_0_8_rate": null,
      "intersects_shortcut_rate": 0.9765625,
      "area_frac_image_median": 0.21143574617346939,
      "area_frac_image_mean": 0.20520346505301346,
      "area_frac_oracle_median": null,
      "object_iou_median": null,
      "object_iou_mean": null,
      "object_overlap_available": false,
      "repair_top1_accuracy": 0.7109375,
      "repair_top3_accuracy": 0.359375,
      "repair_clean_safe_accuracy": 0.765625
    }
  },
  "benchmark_notes": [
    {
      "benchmark": "hard_multidecoy",
      "available": true,
      "n_examples": 32,
      "has_oracle_box": true,
      "has_object_overlap": true,
      "has_candidates": true,
      "selected_method": "nonoracle_cic_top1_repair"
    },
    {
      "benchmark": "failure_conditioned",
      "available": true,
      "n_examples": 50,
      "has_oracle_box": true,
      "has_object_overlap": true,
      "has_candidates": true,
      "selected_method": "nonoracle_cic_top1_repair"
    },
    {
      "benchmark": "semantic_decoy_n128",
      "available": true,
      "n_examples": 128,
      "has_oracle_box": false,
      "has_object_overlap": false,
      "has_candidates": false,
      "selected_method": "cic_top1_region_repair"
    }
  ],
  "refinement": {
    "evaluated": true,
    "n": 82,
    "n_changed": 8,
    "orig_median_iou": 0.39349112426035504,
    "refined_median_iou": 0.39349112426035504,
    "orig_iou_ge_0_5_rate": 0.04878048780487805,
    "refined_iou_ge_0_5_rate": 0.04878048780487805,
    "orig_mean_area_frac": 0.0721039988022648,
    "refined_mean_area_frac": 0.07091821665785215,
    "orig_repair_accuracy": 0.8780487804878049,
    "refined_repair_accuracy_evaluable": 0.92,
    "refined_repair_evaluable_n": 75,
    "refined_clean_safe_drop": null,
    "refined_clean_safe_drop_note": "n/a: cannot re-score clean accuracy for synthetic regions from artifacts",
    "improves_iou_ge_0_5": false,
    "improves_median_iou": false,
    "improves_area_frac": true,
    "improves_repair": true,
    "refinement_improved_spatial_precision": false
  },
  "exact_localization_remains_a_limitation": true,
  "interpretation": [
    "CIC is a coarse causal-intervention method, not an exact localization method: exact box precision is low (hit@IoU0.5 = 0.43) yet repair is high (top-1 repair = 0.78).",
    "Low IoU partly reflects larger-than-oracle intervention regions; the selected regions cover shortcut evidence (coverage>=0.5 in 0.77 of cases) but are spatially coarse.",
    "Although spatially coarse, the intervention is practically useful because it preserves causal content and clean accuracy.",
    "Exact localization remains a limitation: this audit does not claim exact localization, segmentation, open-world discovery, or general robustness."
  ],
  "outputs": {
    "summary_md": "results/spatial_resolution_audit/spatial_resolution_summary.md",
    "key_numbers_json": "results/spatial_resolution_audit/spatial_resolution_key_numbers.json",
    "metrics_csv": "results/spatial_resolution_audit/spatial_resolution_metrics.csv",
    "by_bucket_csv": "results/spatial_resolution_audit/spatial_resolution_by_bucket.csv",
    "plot_png": "results/spatial_resolution_audit/spatial_resolution_plot.png"
  }
}