{
  "experiment": "coco_text_cic_localization_diagnostic",
  "open_world_claim_allowed": false,
  "model_ran": true,
  "backend": "open_clip",
  "real_pretrained_model_loaded": true,
  "n_all": 500,
  "n_directional": 57,
  "n_strict": 39,
  "n_model_examples": 57,
  "diagnosis": {
    "primary_diagnosis": "ranking_failure",
    "gate_text_overlap_threshold": 0.6,
    "ranking_gap": 0.4358974358974359,
    "coverage_gap_vs_threshold": 0.03589743589743588,
    "coverage_caps_gate_even_with_perfect_ranking": true,
    "strict_proposal_recall_text_iou_010": 0.5641025641025641,
    "directional_proposal_recall_text_iou_010": 0.5614035087719298,
    "strict_text_overlap_at_1": 0.1282051282051282,
    "strict_text_overlap_at_5": 0.3076923076923077,
    "strict_text_overlap_at_10": 0.358974358974359,
    "directional_text_overlap_at_5": 0.2807017543859649,
    "strict_median_rank_best_text_proposal": 4.0,
    "best_text_proposal_alias_repair": 0.16326530612244897,
    "selected_cic_alias_repair": 0.43859649122807015,
    "best_text_beats_selected": false
  },
  "repair_summary": {
    "n": 57,
    "selected_alias_repair": 0.43859649122807015,
    "selected_text_overlap": 0.14035087719298245,
    "best_text_alias_repair": 0.16326530612244897,
    "best_text_recovers_top5": 0.9591836734693877,
    "best_object_alias_repair": 0.23076923076923078,
    "best_text_median_target_prob_gain": 0.0270020617172122,
    "best_object_median_target_prob_gain": -0.003419527318328619,
    "examples_with_text_overlapping_proposal": 0.5614035087719298,
    "topk1_alias_repair": 0.43859649122807015,
    "topk1_target_prob_improvement": 0.6842105263157895,
    "topk1_median_target_prob_gain": 0.10340778529644012,
    "topk1_distractor_decrease": 0.9649122807017544,
    "topk1_text_overlap": 0.14035087719298245,
    "topk3_alias_repair": 0.43859649122807015,
    "topk3_target_prob_improvement": 0.7192982456140351,
    "topk3_median_target_prob_gain": 0.1365540213882923,
    "topk3_distractor_decrease": 0.9298245614035088,
    "topk3_text_overlap": 0.24561403508771928,
    "topk5_alias_repair": 0.38596491228070173,
    "topk5_target_prob_improvement": 0.8070175438596491,
    "topk5_median_target_prob_gain": 0.10385217517614365,
    "topk5_distractor_decrease": 0.9298245614035088,
    "topk5_text_overlap": 0.2807017543859649,
    "topk10_alias_repair": 0.3508771929824561,
    "topk10_target_prob_improvement": 0.8245614035087719,
    "topk10_median_target_prob_gain": 0.07532743401825426,
    "topk10_distractor_decrease": 0.9298245614035088,
    "topk10_text_overlap": 0.3333333333333333
  },
  "recall_by_subset": [
    {
      "subset": "all_500",
      "n": 500,
      "has_text_iou_010_rate": 0.512,
      "has_text_iou_030_rate": 0.208,
      "has_text_iou_050_rate": 0.07,
      "has_text_coverage_030_rate": 0.728,
      "has_text_coverage_050_rate": 0.688,
      "has_text_coverage_080_rate": 0.628,
      "has_text_overlapping_proposal_rate": 0.512,
      "best_text_iou_mean": 0.16545054280549204,
      "best_text_coverage_mean": 0.6845726536789402,
      "best_object_iou_mean": 0.23508641680865974,
      "n_text_overlapping_proposals_mean": 4.038,
      "n_object_overlapping_proposals_mean": 15.56
    },
    {
      "subset": "directional_57",
      "n": 57,
      "has_text_iou_010_rate": 0.5614035087719298,
      "has_text_iou_030_rate": 0.2631578947368421,
      "has_text_iou_050_rate": 0.08771929824561403,
      "has_text_coverage_030_rate": 0.8070175438596491,
      "has_text_coverage_050_rate": 0.6842105263157895,
      "has_text_coverage_080_rate": 0.631578947368421,
      "has_text_overlapping_proposal_rate": 0.5614035087719298,
      "best_text_iou_mean": 0.18781714600285418,
      "best_text_coverage_mean": 0.7270290940754338,
      "best_object_iou_mean": 0.2328902373683438,
      "n_text_overlapping_proposals_mean": 4.807017543859649,
      "n_object_overlapping_proposals_mean": 12.842105263157896
    },
    {
      "subset": "strict_39",
      "n": 39,
      "has_text_iou_010_rate": 0.5641025641025641,
      "has_text_iou_030_rate": 0.3076923076923077,
      "has_text_iou_050_rate": 0.10256410256410256,
      "has_text_coverage_030_rate": 0.8205128205128205,
      "has_text_coverage_050_rate": 0.717948717948718,
      "has_text_coverage_080_rate": 0.6923076923076923,
      "has_text_overlapping_proposal_rate": 0.5641025641025641,
      "best_text_iou_mean": 0.2028324688977747,
      "best_text_coverage_mean": 0.7423695803107568,
      "best_object_iou_mean": 0.2396971896276637,
      "n_text_overlapping_proposals_mean": 4.846153846153846,
      "n_object_overlapping_proposals_mean": 13.794871794871796
    }
  ],
  "ranking_by_subset": [
    {
      "subset": "all_500",
      "n": 500,
      "text_overlap_at_1_rate": 0.07,
      "text_overlap_at_3_rate": 0.118,
      "text_overlap_at_5_rate": 0.154,
      "text_overlap_at_10_rate": 0.218,
      "selected_overlaps_text_rate": 0.07,
      "has_text_overlapping_proposal_rate": 0.512,
      "rank_best_text_proposal_median": 13.0,
      "rank_best_object_proposal_median": 1.0,
      "selected_cic_score_median": 0.0643714322506228,
      "best_text_proposal_cic_score_median": 0.00557614586722155
    },
    {
      "subset": "directional_57",
      "n": 57,
      "text_overlap_at_1_rate": 0.14035087719298245,
      "text_overlap_at_3_rate": 0.24561403508771928,
      "text_overlap_at_5_rate": 0.2807017543859649,
      "text_overlap_at_10_rate": 0.3333333333333333,
      "selected_overlaps_text_rate": 0.14035087719298245,
      "has_text_overlapping_proposal_rate": 0.5614035087719298,
      "rank_best_text_proposal_median": 5.0,
      "rank_best_object_proposal_median": 2.0,
      "selected_cic_score_median": 0.6019814828247133,
      "best_text_proposal_cic_score_median": 0.1689238273758927
    },
    {
      "subset": "strict_39",
      "n": 39,
      "text_overlap_at_1_rate": 0.1282051282051282,
      "text_overlap_at_3_rate": 0.2564102564102564,
      "text_overlap_at_5_rate": 0.3076923076923077,
      "text_overlap_at_10_rate": 0.358974358974359,
      "selected_overlaps_text_rate": 0.1282051282051282,
      "has_text_overlapping_proposal_rate": 0.5641025641025641,
      "rank_best_text_proposal_median": 4.0,
      "rank_best_object_proposal_median": 2.0,
      "selected_cic_score_median": 0.7036542894824885,
      "best_text_proposal_cic_score_median": 0.20346892483431883
    }
  ],
  "area_normalized": [
    {
      "mode": "original",
      "is_leakage": false,
      "n": 57,
      "new_top1_text_overlap_rate": 0.14035087719298245,
      "mean_new_top1_text_iou": 0.04475448825248081,
      "mean_new_top1_area_fraction": 0.058352843604547046,
      "alias_repair_rate": 0.43859649122807015,
      "target_prob_improvement_rate": 0.6842105263157895,
      "median_target_prob_gain": 0.10340778529644012
    },
    {
      "mode": "div_sqrt_area",
      "is_leakage": false,
      "n": 57,
      "new_top1_text_overlap_rate": 0.14035087719298245,
      "mean_new_top1_text_iou": 0.04405649395425382,
      "mean_new_top1_area_fraction": 0.03554855330290007,
      "alias_repair_rate": 0.43859649122807015,
      "target_prob_improvement_rate": 0.7368421052631579,
      "median_target_prob_gain": 0.09082621335983276
    },
    {
      "mode": "div_area_clip",
      "is_leakage": false,
      "n": 57,
      "new_top1_text_overlap_rate": 0.14035087719298245,
      "mean_new_top1_text_iou": 0.04250132713938269,
      "mean_new_top1_area_fraction": 0.029753862893841704,
      "alias_repair_rate": 0.38596491228070173,
      "target_prob_improvement_rate": 0.7368421052631579,
      "median_target_prob_gain": 0.08867380023002625
    },
    {
      "mode": "penalize_object",
      "is_leakage": false,
      "n": 57,
      "new_top1_text_overlap_rate": 0.14035087719298245,
      "mean_new_top1_text_iou": 0.043594386335078145,
      "mean_new_top1_area_fraction": 0.048606798805048305,
      "alias_repair_rate": 0.42105263157894735,